Itemid,Tag,Count
1,pixar,1
5,Steve Martin,1
47,biblical,1
47,crime,1
47,dark,1
47,disturbing,1
47,greed,1
47,horror,1
47,psychology,1
47,serial killer,1
47,twist ending,1
47,violent,1
50,thriller,1
104,adam sandler,1
111,cult film,1
111,Martin Scorsese,1
111,social commentary,1
150,Ron Howard,1
150,Tom Hanks,1
153,Ei muista,1
186,hugh grant,1
215,ethan hawke,1
215,holes90s,1
232,aging,1
232,Ang Lee,1
232,cooking,1
232,food,1
232,relationships,1
236,Meg Ryan,1
246,school,1
247,stylized,1
247,surreal,1
247,surrealism,1
247,visceral,1
260,action,1
260,awesome,1
260,awesome soundtrack,1
260,classic,1
260,classic sci-fi,1
260,coming of age,1
260,critically acclaimed,1
260,cult classic,1
260,George Lucas,1
260,imaginary world - characters - story - philosophical,1
260,jedi,1
260,nerdy,1
260,Science Fiction,4
260,sci-fi,1
260,script,1
260,series,1
260,space,1
260,space adventure,1
260,space epic - science fiction - hero's journey,1
260,starwars,1
260,supernatural powers,1
260,Syfy,1
293,assassin,1
293,Ei muista,1
293,hit men,1
293,holes90s,1
293,thriller,1
296,dark comedy,1
296,intense,1
296,Quentin Tarantino,1
296,r:violence,1
296,tarantino,1
300,Ralph Fiennes,1
306,holes90s,1
318,friendship,1
318,Morgan Freeman,1
318,narrated,1
318,Phenomenal!,1
318,prison,1
318,prison escape,1
318,revenge,1
318,Tim Robbins,1
318,wrongful imprisonment,1
319,holes90s,1
337,Johnny Depp***,1
339,sandra 'boring' bullock,1
350,Overrated,1
357,didn't get it,1
364,holes90s,1
377,Sandra Bullock,1
434,Ei muista,1
494,Ei muista,1
520,very funny!,1
529,jodi foster,1
541,afi,1
587,sweet,1
588,holes90s,1
593,Katso Sanna!,1
599,dvd,1
599,holes60s,1
608,Overrated,1
608,Quirky,1
628,edward norton,1
661,creepy good,1
741,anime,1
745,animation,1
745,Ei muista,1
757,getdvd,1
778,dark comedy,1
780,Ei muista,1
858,Katso Sanna!,1
904,jimmy stewart,1
914,holes60s,1
924,boring,1
924,slow,1
946,holes40s,1
954,afi,1
1028,comedy of manners,1
1028,Disney,1
1028,Disney studios,1
1028,Julie Andrews,1
1028,multiple roles,1
1028,musical,1
1028,villain nonexistent or not needed for good story,1
1036,Ei muista,1
1036,explosions,1
1042,Katso Sanna!,1
1059,claire daines,1
1059,clever,1
1059,Leonardo DiCaprio,1
1059,shakespeare,1
1061,emotional,1
1061,revenge,1
1061,true story,1
1079,dark comedy,1
1079,dark humor,1
1079,John Cleese,1
1079,Quirky,1
1080,Monty Python,1
1088,80's classic,1
1088,dance,1
1088,girlie movie,1
1088,music,1
1088,musical parodies,1
1088,rich families,1
1089,nonlinear,1
1089,organized crime,2
1089,Quentin Tarantino,2
1103,Overrated,1
1120,Katso Sanna!,1
1131,emotional,1
1131,tragedy,1
1153,tcm,1
1172,holes80s,1
1176,imaginative,1
1176,intellectual,1
1176,Irene Jacob,1
1176,Krzysztof Kieslowski,1
1176,lyrical,1
1197,holes80s,1
1199,dystopia,1
1199,Trilogy of the Imagination,1
1200,Katso Sanna!,1
1209,holes60s,1
1210,action,1
1210,aliens,1
1210,George Lucas,1
1210,Harrison Ford,1
1210,sci-fi,1
1210,sequel,1
1210,space,1
1210,Star Wars,1
1210,starship pilots,1
1210,war,1
1211,holes80s,1
1219,Alfred Hitchcock,1
1219,psychology,1
1232,sightsound,1
1242,denzel washington,1
1245,holes90s,1
1250,war,1
1256,Marx Brothers,1
1258,cult film,2
1258,disturbing,1
1258,jack nicholson,1
1258,Nudity (Full Frontal - Notable),1
1258,Nudity (Full Frontal),1
1258,psychological,2
1258,psychology,1
1258,Stanley Kubrick,1
1258,violent,1
1259,r. phoneix,1
1260,tcm,1
1265,alternate reality,1
1265,Bill Murray,1
1265,character development,1
1265,comedy,1
1265,existentialism,1
1265,feel-good,1
1265,funny,1
1265,love,1
1265,romantic,1
1265,self discovery,1
1272,holes70s,1
1273,holes80s,1
1274,anime,1
1281,holes40s,1
1281,tivo,1
1283,afi,1
1283,hdtv,1
1291,cool,1
1291,Ei muista,1
1358,billy bob thorton,1
1376,not too thrilled,1
1517,cheezy to the max!,1
1572,sightsound,1
1610,Katso Sanna!,1
1617,Ei muista,1
1635,moody,1
1639,hillarious,1
1704,genius,1
1704,intellectual,1
1704,mathematics,1
1704,psychology,1
1721,romance,1
1729,dark comedy,1
1732,cult film,1
1732,dark comedy,1
1732,great dialogue,1
1732,Jeff Bridges,1
1732,Nudity (Full Frontal),1
1732,off-beat comedy,1
1732,Quirky,1
1732,satirical,2
1732,Steve Buscemi,1
1801,good but not accurate,1
1900,brother sister relationship,1
1900,sad,1
1900,siblings,1
1935,holes40s,1
1942,holes40s,1
1954,stallone,1
1955,dentist,1
1956,il,1
1956,lake forest,1
1957,holes80s,1
1997,demons,1
1997,horror,1
1997,possession,1
1997,scary,1
2004,not worth your time,1
2012,liked the other two better,1
2019,classic,1
2019,long,1
2028,afi,1
2028,hdtv,1
2028,holes90s,1
2068,coming of age,1
2068,funny,1
2082,Emilio Estevez,1
2085,cute,1
2109,holes70s,1
2174,Micheal Keaton,1
2174,music,1
2174,weird,1
2178,holes70s,1
2182,tcm,1
2202,holes40s,1
2273,Ei muista,1
2288,disturbing,1
2329,Ei muista,1
2330,holes90s,1
2359,British,1
2361,cult film,1
2369,must see,1
2396,colin firth,1
2396,Gwenth Paltrow,1
2396,joseph fiennes,1
2424,bookshop,1
2424,happy ending,1
2424,Meg Ryan,1
2424,romance,1
2424,romantic comedy,1
2424,Tom Hanks,1
2502,that fat nerd is just annoying,1
2529,post-apocalyptic,1
2529,twist ending,1
2542,dark comedy,1
2542,Guy Ritchie,1
2542,organized crime,1
2571,philosophy,1
2571,sci-fi,1
2571,virtual reality,1
2600,Ei muista,1
2641,childish plot,1
2641,plot holes,1
2641,superhero,1
2677,holes90s,1
2692,cool and great music,1
2692,nonlinear,1
2692,time travel,1
2700,stupidity,1
2730,getdvd,1
2730,holes70s,1
2747,tivo,1
2857,holes60s,1
2920,getdvd,1
2920,holes40s,1
2924,martial arts,1
2927,holes40s,1
2936,afi,1
2936,holes40s,1
2942,dance,1
2942,girlie movie,1
2942,Nudity (Topless),1
2942,strippers,1
2959,dark comedy,1
2959,psychology,1
2959,twist ending,1
2968,Gilliam,1
2968,Trilogy of the Imagination,1
2985,Ei muista,1
2989,Ei muista,1
2997,interesting,1
3022,afi,1
3030,akira kurosawa,1
3030,atmospheric,1
3030,black comedy,1
3052,controversial,1
3089,holes40s,1
3111,holes80s,1
3113,stupid,1
3114,animation,1
3114,Tom Hanks,1
3160,Ei muista,1
3175,Ei muista,1
3176,Gwyneth Paltrow,1
3176,Jude Law,1
3246,holes90s,1
3257,Kevin Costner,1
3257,snorefest,1
3260,boring,1
3265,explosions,1
3265,martial arts,1
3275,vigilantism,1
3300,anti-hero,1
3300,Cole Hauser,1
3300,Vin Diesel,1
3301,Amanda Peet,1
3301,Matthew Perry,1
3301,Rosanna Arquette,1
3361,Tim Robbins,1
3384,holes70s,1
3415,sightsound,1
3498,holes70s,1
3499,Ei muista,1
3539,tivo,1
3546,insanity,1
3546,psychological thriller,1
3629,afi,1
3629,hdtv,1
3632,holes40s,1
3634,getdvd,1
3634,holes60s,1
3671,holes70s,1
3676,National Film Registry,1
3679,holes80s,1
3703,action,1
3703,desert,1
3703,Dieselpunk,1
3703,Mel Gibson,1
3703,Post apocalyptic,1
3703,post-apocalyptic,1
3707,Nudity (Rear),1
3707,Nudity (Topless),1
3707,sexy food,1
3742,sightsound,1
3751,Mel Gibson,1
3785,stupid,1
3789,holes60s,1
3793,can't stand rogue!,1
3793,Katso Sanna!,1
3809,Bill Murray,1
3809,Quirky,1
3811,holes80s,1
3882,cheerleading,1
3882,Eliza Dushku,1
3882,Overrated,1
3893,renee z,1
3916,Ei muista,1
3947,holes70s,1
3948,awkward,1
3949,addiction,1
3949,Ei muista,1
3949,psychology,1
3978,boring,1
3994,Ei muista,1
3994,Predictable,1
3996,martial arts,1
4011,Ei muista,1
4011,Guy Ritchie,1
4011,twist ending,1
4016,okay,1
4018,creative,1
4018,funny,1
4018,Helen Hunt,1
4018,hilarious,1
4018,Mel Gibson,1
4018,stereotypes,1
4023,Ei muista,1
4041,Overrated,1
4069,standard romantic comedy,1
4103,holes80s,1
4121,Katso Sanna!,1
4189,jesus,1
4223,Ei muista,1
4226,Mindfuck,1
4226,nonlinear,1
4226,psychology,1
4226,twist ending,1
4262,holes80s,1
4306,witty!,1
4322,baseball,1
4326,holes80s,1
4327,holes60s,1
4351,keanu reeves,1
4369,no desire to see this,1
4388,parody,1
4437,holes70s,1
4467,Trilogy of the Imagination,1
4612,jesus,1
4638,Ei muista,1
4641,thora birch,1
4701,jakie chan,1
4712,holes70s,1
4721,As historicaly correct as Germany winning WW2,1
4721,but still a fun movie.,1
4763,getdvd,1
4823,john cusack,1
4890,Gwenth Paltrow,1
4911,Gilliam,1
4928,holes70s,1
4973,beautifully filmed,1
4973,comedy,2
4973,drama,1
4973,feel-good,1
4973,imagination,1
4973,love,1
4973,notable soundtrack,2
4973,Quirky,2
4973,whimsical,1
4993,long,1
4995,genius,1
4995,intelligent,1
4995,math,1
4995,mathematics,1
4995,twist ending,1
5064,Ei muista,1
5064,not by book,1
5135,nair,1
5169,tcm,1
5198,holes80s,1
5219,video game adaptation,1
5289,tcm,1
5299,comedy,1
5299,family,1
5299,funny,1
5349,tobey maguire,1
5377,books,1
5377,relationships,1
5445,Tom Cruise,1
5449,adam sandler,1
5464,holes00s,1
5481,mike myers,1
5507,play enough video games and you can become an NSA agent,1
5507,ridiculous training sequence,1
5602,Ei muista,1
5608,psychology,1
5618,anime,1
5618,atmospheric,1
5618,children,1
5618,fantasy,1
5618,surreal,1
5662,Dave Foley,1
5747,holes80s,1
5782,explosions,1
5782,interesting,1
5791,holes00s,1
5795,tosee,1
5812,moore,1
5902,boring,1
5909,Takashi Miike,1
5952,boring,1
5952,long,1
5956,dvd,1
5971,fantasy,1
5971,feel-good,1
5984,BDSM,1
5984,Blindfold,1
5984,Bondage,1
5984,Domination,1
5984,Fetish,1
5984,Gag,1
5984,Spanked,1
5984,Submission,1
5984,Tied,1
5984,Udo Kier,1
6016,multiple storylines,1
6218,Ei muista,1
6218,football,1
6218,funny,1
6218,Keira Knightley,1
6218,love,1
6229,holes70s,1
6281,collin farrel,1
6287,adam sandler,1
6350,anime,1
6350,aviation,1
6350,funny,1
6350,imagination,1
6350,Studio Ghibli,1
6350,visually appealing,1
6433,sightsound,1
6515,tcm,1
6539,comedy,1
6539,Disney,1
6539,funny,1
6539,I loved it! Seen it five times already!,1
6539,Johnny Depp,2
6539,magic,1
6539,Orlando Bloom,1
6539,pirates,1
6539,sword fight,1
6643,sightsound,1
6683,bollywood,1
6713,Satoshi Kon,1
6754,vampire,1
6783,sightsound,1
6830,tcm,1
6857,anime,1
6863,funny,1
6863,Jack Black,1
6863,music,1
6863,not only for kids,1
6863,Rock,1
6863,rock and roll,1
6874,holes00s,1
6942,British,1
6942,christmas,1
6942,ensemble cast,1
6942,Keira Knightley,1
6942,love,1
6942,multiple storylines,1
6942,Nudity (Topless - Notable),1
6942,Nudity (Topless),1
6942,romance,1
6953,Benicio Del Toro,1
6981,sightsound,1
6983,holes40s,1
6985,breathtaking,1
6985,sightsound,1
6986,jesus,1
7022,explosions,1
7022,martial arts,1
7090,martial arts,1
7153,boring,1
7153,long,1
7155,Nudity (Topless - Notable),1
7155,Nudity (Topless),1
7161,family,1
7161,funny,1
7161,Steve Martin,1
7195,tcm,1
7243,afi,1
7243,hdtv,1
7335,tcm,1
7347,Ei muista,1
7361,i'd like to live in this movie,1
7361,interesting,1
7373,Guillermo del Toro,1
7373,steampunk,1
7373,superhero,1
7376,The Rocks "finest" work need I say more?,1
7438,holes00s,1
7458,Brad Pitt,1
7478,Cambodia,1
7792,holes70s,1
7844,martial arts,1
7926,getdvd,1
8125,afi,1
8128,holes80s,1
8154,holes60s,1
8188,elegant,1
8195,sightsound,1
8207,holes70s,1
8236,tcm,1
8369,who done it,1
8464,american idiocy,1
8464,documentary,1
8464,social criticism,1
8494,dvd,1
8528,seen it before,1
8533,covers a lifespan,1
8533,memories,1
8584,tivo,1
8623,Steve Martin,1
8636,the best comic adaptation!,1
8645,holes00s,1
8751,tcm,1
8765,tcm,1
8766,tcm,1
8767,tcm,1
8781,Ei muista,1
8795,long,1
8861,Oded Fehr,1
8861,post-apocalyptic,1
8861,Sienna Guillory,1
8861,zombies,1
8865,1940's feel,1
8865,unique look,1
8874,comedy,1
8874,zombies,1
8928,Beautiful Woman,1
8928,campy,1
8928,irreverent,1
8928,Quirky,1
8928,Roman Polanski,1
8961,super-hero,1
8972,Nicolas Cage,1
25805,sightsound,1
25927,holes40s,1
25927,tcm,1
26150,sightsound,1
26151,sightsound,1
26366,holes70s,1
26554,apocalypse,1
26554,interesting,1
26585,explosions,1
26614,thriller,1
26662,anime,1
26662,Hayao Miyazaki,1
26662,Studio Ghibli,1
27255,No progress,1
27255,Too slow,1
27255,Views,1
27592,stylized,1
27592,violent,1
27611,military,1
27611,sci-fi,1
27773,depressing,1
27773,disturbing,1
27773,hallucinatory,1
27773,paranoid,1
27773,revenge,1
27773,stylized,1
27773,twist ending,1
27773,vengeance,1
27904,good animation,1
27904,interesting concept - bad execution,1
27904,surrealism,1
30745,Takashi Miike,1
31221,Try not to mistake this for an episode of Alias,1
31658,Studio Ghibli,1
31770,tcm,1
31878,comedy,1
31878,martial arts,1
31878,Stephen Chow,1
32025,Mossad,1
32892,Russian,1
33794,bad camerawork,1
33794,slow,1
34162,forgettable,1
34321,Billy Bob Thornton,1
34321,comedy,1
34321,cursing,1
34321,funny,1
34321,redemption,1
34405,aliens,1
34405,black comedy,1
34405,Firefly,1
34517,tivo,1
35836,comedy,1
35836,crude,1
35836,dumb,1
35836,funny,1
35836,nerds,1
35836,Nudity (Topless - Notable),1
35836,Nudity (Topless),1
35836,sex,1
35957,short,1
36401,fairy tales,1
37729,dull story,1
37733,disappointing,1
37733,Overrated,1
37733,Viggo Mortensen,1
37741,toplist05,1
38304,toplist05,1
39183,toplist05,1
39421,Nudity (Topless),1
39421,porn,1
40148,Guy Ritchie,1
40614,Predictable,1
40629,toplist05,1
40819,toplist05,1
41585,tcm,1
41863,toplist06,1
41997,hdtv,1
41997,holes00s,1
42217,sightsound,1
44191,dystopia,1
44191,thought-provoking,1
44199,Ei muista,1
44199,toplist06,1
44555,breathtaking,1
44555,toplist06,1
45028,toplist06,1
45210,toplist06,1
45720,fashion,1
45720,New York,1
45720,Paris,1
45720,Streep strong & funny,1
45950,powerpoint,1
46578,beauty pageant,1
46578,family,1
46578,independent film,1
46578,off-beat comedy,1
46578,Quirky,1
46578,road trip,1
46578,satire,1
46578,steve carell,1
46578,toplist06,1
46664,holes40s,1
46664,tcm,1
46723,toplist06,1
46970,funny,1
46970,nascar,1
46970,will farell,1
47044,Michael Mann,1
47099,based on a true story,1
47099,toplist06,1
47274,holes70s,1
47423,toplist06,1
47465,Gilliam,1
47629,toplist06,1
47640,beer,1
47640,guy movie,1
47640,Just stupid,1
48394,dark,1
48394,fairytale,1
48394,hdtv,1
48394,holes00s,1
48516,toplist06,1
48696,toplist06,1
48711,CHRISTIAN,1
48738,toplist06,1
48774,toplist06,1
48780,based on a book,1
48780,Christopher Nolan,1
48780,complicated,1
48780,Hugh Jackman,1
48780,nonlinear,1
48780,psychological,1
48780,twist ending,2
49824,toplist06,1
49917,toplist06,1
50068,holes00s,1
51540,toplist07,1
52241,toplist07,1
52281,hdtv,1
52281,holes00s,1
52319,World War II,1
52579,getdvd,1
52885,anime,1
52967,toplist07,1
52973,Overrated,1
53000,toplist07,1
53123,toplist07,1
53318,notable nudity,1
53318,Nudity (Full Frontal),1
53894,toplist07,1
53953,getdvd,1
54272,toplist07,1
54286,toplist07,1
54290,Why the terrorists hate us,1
54513,toplist07,1
54881,toplist07,1
55052,toplist07,1
55063,toplist08,1
55069,holes00s,1
55069,toplist07,1
55118,toplist07,1
55247,adventure,1
55247,freedom,1
55247,road trip,1
55247,self discovery,1
55247,toplist07,1
55247,travel,1
55253,toplist07,1
55269,toplist07,1
55276,toplist07,1
55280,holes00s,1
55363,getdvd,1
55363,holes00s,1
55442,holes00s,1
55442,toplist07,1
55820,coen brothers,1
55820,Overrated,1
55820,toplist07,1
55946,tivo,1
56015,tcm,1
56152,toplist07,1
56286,toplist07,1
56367,comedy,1
56367,indie,1
56367,pregnancy,1
56367,teen pregnancy,1
56367,toplist07,1
56367,witty,1
56607,toplist07,1
56782,toplist07,1
56788,toplist07,1
56805,toplist07,1
57669,toplist08,1
58191,toplist08,1
58559,Batman,1
58879,toplist08,1
59725,fashion,1
59725,New York City,1
59725,Nudity (Topless),1
59725,R:strong sexual content,1
59725,romance,1
60069,toplist08,1
60072,assassin,1
60684,alternate reality,1
60684,diluted version of comic,1
60684,dystopia,1
60684,stylized,1
60766,toplist08,1
61024,Exellent first half,1
61024,terrible ending,1
61024,toplist08,1
61236,holes00s,1
61236,toplist08,1
61240,holes00s,1
61240,toplist08,1
61323,toplist08,1
61357,toplist08,1
62849,Drugs,1
62849,Guy Ritchie,1
62849,twist ending,1
63082,toplist08,1
63131,funny,1
63131,obvious plot,1
63876,toplist08,1
63992,high school,1
63992,Kristen Stewart,1
63992,Robert Pattinson,1
63992,romance,1
63992,Teen movie,2
63992,Vampire Human Love,1
63992,vampires,1
64614,toplist08,1
64620,toplist08,1
64622,toplist08,1
64701,toplist08,1
64839,toplist08,1
64957,adapted from:book,1
64957,aging,1
64957,Aging Disorder,1
64957,Brad Pitt,3
64957,cinematography,2
64957,drama,2
64957,original plot,3
64957,philosophical,1
64957,slow parts,1
64957,touching,1
64969,easily confused with other movie(s) (title),1
64969,funny,1
64969,Jim carrey,1
64969,Zooey Deschanel,1
65514,kung fu,1
65514,martial arts,1
65514,well done,1
66097,alternate universe,1
66097,author:Neil Gaiman,1
66097,claymation,1
66097,Dakota Fanning,1
66097,dark,1
66097,fairy tale,1
66097,Neil Gaiman,1
66203,honest,1
66665,toplist09,1
66934,Captain Hammer,1
66934,comedy,1
66934,great soundtrack,1
66934,joss whedon,1
66934,mad scientist,2
66934,musical,1
66934,Nathan Fillion,1
66934,Neil Patrick Harris,2
66934,parody,2
67087,toplist09,1
67255,toplist10,1
67429,toplist08,1
67665,getdvd,1
67665,toplist09,1
67997,British,1
67997,politics,1
67997,satire,1
67997,toplist09,1
68157,Brad Pitt,1
68157,ending,1
68157,gratuitous violence,1
68157,Quentin Tarantino,2
68157,satire,1
68157,toplist09,1
68157,unusual plot structure,1
68157,violence,1
68157,World War II,1
68319,action,1
68319,bad plot,1
68319,Hugh Jackman,1
68319,superhero,1
68319,too long,1
68358,sci fi,1
68358,spock,1
68358,Star Trek,1
68358,teleportation,1
68954,feel good,1
68954,holes00s,1
68954,light,1
69481,toplist09,1
69526,bad plot,1
69526,robots,1
69526,sufficiently explodey to be good,1
69640,Johnny Depp,1
69712,Abigail Breslin,1
69712,ending,1
69712,genuine characters,1
69712,Jason Patric,1
70286,aliens,1
70286,humor,1
70286,sci-fi,1
70286,toplist09,1
70286,violence,1
70293,toplist09,1
71057,animation style,1
71108,toplist09,1
71464,toplist09,1
71745,toplist09,1
72011,toplist09,1
72131,toplist09,1
72176,tivo,1
72226,toplist09,1
72395,toplist09,1
72720,toplist09,1
72741,tivo,1
72998,aliens,1
72998,graphic design,1
72998,Predictable,1
72998,racism,1
72998,sci-fi,1
73023,toplist09,1
74324,toplist10,1
74458,Predictable,1
74458,psychological,1
74458,psychological thriller,1
74458,toplist10,1
74458,twist ending,1
74545,toplist10,1
76251,Gore!!!,1
76251,sort of honest,1
77455,getdvd,1
77455,renegade art,1
77455,toplist10,1
78039,toplist10,1
78209,Lame everything,1
78349,claustrophobic,1
78349,experiment,1
78349,group psychology,1
78349,psychological,1
78499,pixar,1
78499,toplist10,1
78574,toplist10,1
78653,toplist09,1
79132,alternate reality,2
79132,Christopher Nolan,1
79132,intellectual,1
79132,Intrigued,1
79132,Mindfuck,1
79132,philosophy,1
79132,sci-fi,1
79132,toplist10,1
79132,twist ending,1
79242,toplist10,1
80463,toplist10,1
80489,toplist10,1
80551,strong female presence,1
81562,toplist10,1
81591,toplist10,1
81786,getdvd,1
81786,toplist11,1
81845,toplist10,1
81932,toplist10,1
82152,alex pettyfer,1
82313,tivo,1
82459,toplist10,1
82461,bad acting,1
82461,bad plot,1
82463,toplist10,1
83976,toplist11,1
85394,toplist11,1
86320,toplist11,1
86833,toplist11,1
87304,toplist11,1
88125,dark,1
88129,toplist11,1
88235,toplist11,1
88810,toplist11,1
89260,toplist11,1
89470,toplist11,1
89492,toplist11,1
89759,toplist11,1
89804,toplist11,1
90057,toplist11,1
90376,toplist11,1
90439,toplist11,1
90531,toplist11,1
90866,toplist11,1
91077,toplist11,1
93040,drama,1
93040,historical,1
93040,interesting,1
94777,aliens,1
94777,franchise,1
94777,funny,1
94777,time travel,1
94931,toplist12,1
94959,toplist12,1
94969,getdvd,1
95135,toplist12,1
95441,cocaine,1
95441,crude humor,1
95441,directorial debut,1
95441,Mark Wahlberg,1
95449,toplist12,1
95558,toplist12,1
95761,dvd,1
96417,dvd,1
96588,toplist12,1
96610,dvd,1
96610,toplist12,1
96728,toplist12,1
96811,toplist12,1
96832,dvd,1
96832,toplist12,1
97304,toplist12,1
97673,toplist13,1
97752,toplist12,1
97921,toplist12,1
97923,toplist12,1
97938,Ang Lee,1
97938,India,1
97938,ocean,1
97938,toplist12,1
97938,visually appealing,1
98154,toplist12,1
98961,toplist12,1
99114,toplist12,1
99149,toplist12,1
100365,activist,1
100365,documentary,1
100365,uganda,1
101285,getdvd,1
101525,toplist12,1
101895,toplist13,1
102194,toplist13,1
102469,getdvd,1
103107,toplist13,1
103372,toplist13,1
103449,dvd,1
103624,toplist13,1
103688,dvd,1
104283,anime,1
104841,sexist,1
105197,toplist13,1
105355,toplist13,1
105504,hijacking,1
105504,ocean,1
105504,pirates,1
105504,suspense,1
105504,toplist13,1
106100,toplist13,1
106473,animation,1
106473,anime,1
106473,based on a TV show,1
106473,fantasy world,1
106696,Disney,1
106696,feminist,1
106696,musical,1
106696,storyline,1
106766,toplist13,1
106916,toplist13,1
106918,Iceland,1
106918,photography,1
106918,travel,1
106920,toplist13,1
107141,toplist13,1
107636,tivo,1
107649,Alex van Warmerdam,1
107649,magical realism,1
107649,weird,1
107999,action,1
107999,anime,1
107999,kung fu,1
109249,beautiful scenery,1
109249,coming of age,1
109249,dark humor,1
109249,Fernando E. Solanas,1
109249,imaginative,1
109249,Quirky,1
109249,whimsical,1
109374,amazing storytelling,1
109374,Bill Murray,1
109374,cinematography,1
109374,eastern europe,1
109374,europe,1
109374,historical,1
109374,on the run,1
109374,Quirky,1
109374,toplist14,1
109487,artificial intelligence,1
109487,Christopher Nolan,1
109487,good science,1
109487,interesting ideea,1
109487,philosophical issues,1
109487,physics,1
109487,relativity,1
109487,sci-fi,1
109487,sentimental,1
109487,space,1
109487,time travel,1
109487,time-travel,1
110871,getdvd,1
111249,getdvd,1
111251,dvd,1
111251,toplist14,1
111384,revenge,1
111384,vengeance,1
111505,getdvd,1
111622,toplist14,1
111624,drama,1
111624,indie,1
111624,love,1
111931,femme-fatale,1
111931,gritty,1
111931,low-budget,1
112070,tivo,1
112183,toplist14,1
112290,toplist14,1
112515,getdvd,1
112515,toplist14,1
112550,getdvd,1
112552,determination,1
112552,devotion,1
112552,music,1
112552,toplist14,1
112556,toplist14,1
112852,toplist14,1
113064,getdvd,1
114254,getdvd,1
114342,toplist14,1
114459,getdvd,1
114662,toplist14,1
115139,tcm,1
115569,toplist14,1
115617,comedy,1
115617,coming of age,1
115617,family,1
115617,friends,1
115617,funny,1
115617,happy ending,1
115617,heartwarming,1
115617,inspiring,1
115617,japanese influence,1
115617,pixar,1
115617,technology,1
115713,toplist15,1
116161,toplist14,1
116797,toplist14,1
117176,toplist14,1
117533,big brother,1
117533,documentary,1
117533,dvd,1
117533,getdvd,1
117533,privacy,1
117533,toplist14,1
118700,getdvd,1
118700,toplist14,1
118880,getdvd,1
118880,toplist14,1
118997,comedy,1
118997,fairy tale,1
118997,funny,1
118997,great soundtrack,1
118997,imaginative,1
118997,meryl streep,1
118997,musical,1
121231,eerie,1
121231,friendship,1
121231,teenagers,1
122882,getdvd,1
122882,toplist15,1
122886,space,1
122886,star,1
123663,tivo,1
123695,tivo,1
127108,tivo,1
127108,toplist15,1
127114,toplist15,1
127144,tivo,1
127206,getdvd,1
127212,tivo,1
128235,tivo,1
128360,toplist15,1
128512,getdvd,1
128606,toplist15,1
130682,b movie,1
130682,comedt,1
130682,horror,1
131796,tivo,1
132046,sci-fi,1
132458,tivo,1
132547,dvd,1
132549,tivo,1
132800,getdvd,1
133645,toplist15,1
133771,getdvd,1
134130,toplist15,1
134853,coming of age,1
134853,creative,1
134853,happiness,1
134853,imaginative,1
134853,pixar,1
134853,toplist15,1
134859,getdvd,1
134859,toplist15,1
134881,toplist15,1
135518,meaning of life,1
135518,philosophical,1
135518,sci-fi,1
137337,toplist15,1
138610,found footage,1
138610,survival horror,1
139385,toplist15,1
139642,tivo,1
140174,toplist15,1
140715,tivo,1
140725,tivo,1
141749,toplist15,1
142488,toplist15,1
143385,toplist15,1
144172,bkk,1
146501,gay,1
146656,toplist15,1
148482,tivo,1
148626,toplist15,1
155064,bkk,1
156387,toplist16,1
158783,bkk,1
160954,bkk,1
161336,getdvd,1
161582,bkk,1
163056,bkk,1
163949,toplist16,1
164977,tivo,1
164979,tivo,1